impl,model,a,b,aic,nobs
random,O(n^3),2.7590262086659667,0.045329087290986655,-20.334908718880552,3
reversed,O(log n),3.864552803848933,-0.058195539392095624,-19.953909288709283,3
sorted,O(n),3.741679618834922,-0.0010608296675157917,-58.5607666767502,3
