bench,impl,n,wall_ms_median,wall_ms_mean,wall_ms_count,wall_ms_p10,wall_ms_p90,peak_rss_mb_median,peak_rss_mb_mean,ok
py_sort,random,1000,40.88,46.80666666666667,3,40.836800000000004,55.1472,12.5,12.541666666666666,3
py_sort,random,10000,53.894,52.24633333333333,3,45.13,58.7036,12.75,12.541666666666666,3
py_sort,random,100000,76.469,72.22066666666666,3,65.889,76.853,16.504,16.543000000000003,3
py_sort,reversed,1000,43.097,42.772333333333336,3,42.277,43.137800000000006,12.375,12.416666666666666,3
py_sort,reversed,10000,40.8255,40.8255,2,40.7315,40.9195,12.25,12.25,3
py_sort,reversed,100000,41.9725,41.9725,2,41.9497,41.9953,12.875,12.875,3
py_sort,sorted,1000,41.86,41.659333333333336,3,41.3448,41.8936,12.375,12.375,3
py_sort,sorted,10000,41.7605,41.7605,2,41.6049,41.9161,12.1875,12.1875,3
py_sort,sorted,100000,41.656,41.656,2,41.456799999999994,41.8552,12.5625,12.5625,3
