impl,model,a,b,aic,nobs
random,O(n^3),2.7630965975345525,0.03590457351387208,-13.145781638866993,3
reversed,O(n),3.697799237181567,0.0218679996679767,-10.171355862136444,3
sorted,O(log n),3.1819134602119328,0.29557074078136386,-2.3192994316427633,3
