bench,impl,model,C,baseline,offset,formula,rss,nobs
py_sort,random,O(log n),8.265926874064583,-25.74966666666658,6.047666666666686,T(n) ≤ 8.266·log(n) − 19.702,219.4456326666667,3
py_sort,reversed,O(log n),3.9944234973051653,6.675999999999941,3.1555000000000177,T(n) ≤ 3.994·log(n) + 9.831,59.743081500000045,3
py_sort,sorted,O(1),0.0,38.58166666666667,2.6853333333333325,T(n) ≤ 41.267,inf,3
