bench,impl,n,wall_ms_median,wall_ms_mean,wall_ms_count,wall_ms_p10,wall_ms_p90,peak_rss_mb_median,peak_rss_mb_mean,ok
py_sort,random,1000,37.397,42.25866666666666,3,37.0826,49.379400000000004,8.375,8.75,3
py_sort,random,10000,38.287,38.49666666666666,3,38.187,38.8902,8.375,8.458333333333334,3
py_sort,random,100000,75.463,75.51666666666667,3,75.3206,75.7342,15.875,15.916666666666666,3
py_sort,reversed,1000,37.424,37.57666666666666,3,37.187999999999995,38.0264,9.25,9.125,3
py_sort,reversed,10000,37.155,37.13933333333333,3,36.805400000000006,37.467,8.375,8.416666666666666,3
py_sort,reversed,100000,55.819,55.74966666666666,3,55.2366,56.235,13.73,11.950333333333333,3
py_sort,sorted,1000,36.759,36.763,3,36.6854,36.8422,8.375,8.333333333333334,3
py_sort,sorted,10000,37.719,38.47933333333334,3,37.4606,39.8022,8.125,8.083333333333334,3
py_sort,sorted,100000,41.267,45.94166666666666,3,40.6774,53.0758,9.75,10.225333333333333,3
