bench,impl,n,wall_ms_median,wall_ms_mean,wall_ms_count,wall_ms_p10,wall_ms_p90,peak_rss_mb_median,peak_rss_mb_mean,ok
py_sort,random,1000,34.735,34.099333333333334,3,33.0902,34.8542,0.0,0.0,3
py_sort,random,10000,39.409,38.584666666666664,3,36.4386,40.401,0.0,0.0,3
py_sort,random,100000,57.042,58.26733333333334,3,56.4444,60.580400000000004,0.0,0.0,3
py_sort,reversed,1000,50.174,53.449666666666666,3,47.2516,60.958000000000006,0.0,0.0,3
py_sort,reversed,10000,43.204,46.211666666666666,3,34.5768,59.049600000000005,0.0,0.0,3
py_sort,reversed,100000,55.49,56.57633333333334,3,52.726800000000004,60.860400000000006,0.0,0.0,3
py_sort,sorted,1000,34.406,35.547666666666665,3,32.8196,38.7324,0.0,0.0,3
py_sort,sorted,10000,75.957,77.026,3,64.0986,90.381,0.0,0.0,3
py_sort,sorted,100000,37.602,45.302666666666674,3,37.4908,56.1948,0.0,0.0,3
